<?xml version="1.0" encoding="UTF-8"?>
<project-private xmlns="http://www.netbeans.org/ns/project-private/1">
    <editor-bookmarks xmlns="http://www.netbeans.org/ns/editor-bookmarks/2" lastBookmarkId="0"/>
    <open-files xmlns="http://www.netbeans.org/ns/projectui-open-files/2">
        <group>
            <file>file:/D:/balaji/task2/web/WEB-INF/web.xml</file>
            <file>file:/D:/balaji/task2/src/java/APIProcess/APICall.java</file>
            <file>file:/D:/balaji/task2/src/java/DbProcess/DBConnection.java</file>
            <file>file:/D:/balaji/task2/web/META-INF/context.xml</file>
            <file>file:/D:/balaji/task2/web/login/login.jsp</file>
            <file>file:/D:/balaji/task2/web/index.html</file>
        </group>
    </open-files>
</project-private>
