<?xml version="1.0" encoding="UTF-8"?>
<project-private xmlns="http://www.netbeans.org/ns/project-private/1">
    <editor-bookmarks xmlns="http://www.netbeans.org/ns/editor-bookmarks/2" lastBookmarkId="0"/>
    <open-files xmlns="http://www.netbeans.org/ns/projectui-open-files/2">
        <group>
            <file>file:/D:/Prasanth/SRM/rcmproject/web/index.html</file>
            <file>file:/D:/Prasanth/SRM/rcmproject/web/master/transaction.jsp</file>
            <file>file:/D:/Prasanth/SRM/rcmproject/web/report/reportResource.jsp</file>
            <file>file:/D:/Prasanth/SRM/rcmproject/web/master/clientResource.jsp</file>
            <file>file:/D:/Prasanth/SRM/rcmproject/web/usermanager/login.jsp</file>
            <file>file:/D:/Prasanth/SRM/rcmproject/src/java/crudoperation/Client.java</file>
            <file>file:/D:/Prasanth/SRM/rcmproject/web/master/transactionResource.jsp</file>
            <file>file:/D:/Prasanth/SRM/rcmproject/src/java/crudoperation/Shop.java</file>
            <file>file:/D:/Prasanth/SRM/rcmproject/src/java/crudoperation/Report.java</file>
            <file>file:/D:/Prasanth/SRM/rcmproject/web/master/shopResource.jsp</file>
            <file>file:/D:/Prasanth/SRM/rcmproject/web/usermanager/registration.jsp</file>
            <file>file:/D:/Prasanth/SRM/rcmproject/web/master/client.jsp</file>
            <file>file:/D:/Prasanth/SRM/rcmproject/web/master/collection.jsp</file>
            <file>file:/D:/Prasanth/SRM/rcmproject/web/report/report.jsp</file>
            <file>file:/D:/Prasanth/SRM/rcmproject/src/java/crudoperation/Transaction.java</file>
            <file>file:/D:/Prasanth/SRM/rcmproject/src/java/dbconnection/DatabaseConnection.java</file>
            <file>file:/D:/Prasanth/SRM/rcmproject/web/resources/bootstrap/js/bootstrap-datepicker.min.js</file>
            <file>file:/D:/Prasanth/SRM/rcmproject/src/java/crudoperation/Collection.java</file>
            <file>file:/D:/Prasanth/SRM/rcmproject/web/master/shop.jsp</file>
            <file>file:/D:/Prasanth/SRM/rcmproject/src/java/usermanager/Registration.java</file>
            <file>file:/D:/Prasanth/SRM/rcmproject/web/master/collectionResource.jsp</file>
            <file>file:/D:/Prasanth/SRM/rcmproject/web/usermanager/dashboard.jsp</file>
            <file>file:/D:/Prasanth/SRM/rcmproject/src/java/usermanager/LoginCheck.java</file>
        </group>
    </open-files>
</project-private>
